{
  "project_info": {
    "project_number": "460133986598",
    "project_id": "appunimess",
    "storage_bucket": "appunimess.firebasestorage.app"
  },
  "client": [
    {
      "client_info": {
        "mobilesdk_app_id": "1:460133986598:android:ca3314bd49d625a36c11e7",
        "android_client_info": {
          "package_name": "br.unimes.appfireauth"
        }
      },
      "oauth_client": [],
      "api_key": [
        {
          "current_key": "AIzaSyBJUbj7mZjnilsInAP4myITKt33Aje6kew"
        }
      ],
      "services": {
        "appinvite_service": {
          "other_platform_oauth_client": []
        }
      }
    }
  ],
  "configuration_version": "1"
}